ID,Algoritmo,WaitingTime,Preempcoes,Turnaround
1,FCFS,9676.4,0.0,64410.4
1,RR,9669.0,9669.0,30099.8
1,RR Din창mico,9447.4,9556.0,29775.2
2,FCFS,8996.5,0.0,125295.9
2,RR,48696.4,48696.4,70407.9
2,RR Din창mico,46135.6,46240.4,67734.2
3,FCFS,11091.133333333333,0.0,170190.33333333334
3,RR,60561.2,60561.2,80204.53333333334
3,RR Din창mico,60877.86666666667,60975.066666666666,80405.86666666667
4,FCFS,9593.05,0.0,248947.8
4,RR,79157.85,79157.85,98601.0
4,RR Din창mico,80325.55,80427.55,99663.8
