ID,Algoritmo,Preempcoes_Media,Turnaround_Medio,WaitingTime_Medio
1,FCFS,0.0,110.8,12.8
1,RR,56.0,90.4,56.0
1,RR Din창mico,41.4,109.8,75.4
2,FCFS,0.0,211.4,11.4
2,RR,115.0,152.5,115.0
2,RR Din창mico,110.6,204.9,167.4
3,FCFS,0.0,248.73333333333332,9.066666666666666
3,RR,193.93333333333334,224.66666666666666,193.93333333333334
3,RR Din창mico,146.93333333333334,241.53333333333333,210.8
4,FCFS,0.0,235.55,6.3
4,RR,218.1,243.5,218.1
4,RR Din창mico,158.8,250.6,225.2
